POS,DRIVER,NATIONALITY,CAR,PTS,year
1,Jack Brabham,AUS,COOPER CLIMAX,43,1960
2,Bruce McLaren,NZL,COOPER CLIMAX,34,1960
3,Stirling Moss,GBR,LOTUS CLIMAX,19,1960
4,Innes Ireland,GBR,LOTUS CLIMAX,18,1960
5,Phil Hill,USA,COOPER CLIMAX,16,1960
6,Olivier Gendebien,BEL,COOPER CLIMAX,10,1960
6,Wolfgang von Trips,GER,COOPER MASERATI,10,1960
8,Jim Rathmann,USA,WATSON OFFENHAUSER,8,1960
8,Richie Ginther,USA,FERRARI,8,1960
8,Jim Clark,GBR,LOTUS CLIMAX,8,1960
11,Tony Brooks,GBR,COOPER CLIMAX,7,1960
12,Cliff Allison,GBR,FERRARI,6,1960
12,Rodger Ward,USA,WATSON OFFENHAUSER,6,1960
12,John Surtees,GBR,LOTUS CLIMAX,6,1960
15,Paul Goldsmith,USA,EPPERLY OFFENHAUSER,4,1960
15,Graham Hill,GBR,BRM,4,1960
15,Willy Mairesse,BEL,FERRARI,4,1960
15,Jo Bonnier,SWE,BRM,4,1960
19,Carlos Menditeguy,ARG,COOPER MASERATI,3,1960
19,Don Branson,USA,PHILLIPS OFFENHAUSER,3,1960
19,Henry Taylor,GBR,COOPER CLIMAX,3,1960
19,Giulio Cabianca,ITA,COOPER CASTELLOTTI,3,1960
23,Johnny Thomson,USA,LESOVSKY OFFENHAUSER,2,1960
24,Eddie Johnson,USA,TREVIS OFFENHAUSER,1,1960
24,Lucien Bianchi,BEL,COOPER CLIMAX,1,1960
24,Ron Flockhart,GBR,COOPER CLIMAX,1,1960
24,Hans Herrmann,GER,PORSCHE,1,1960
1,Phil Hill,USA,FERRARI,34,1961
2,Wolfgang von Trips,GER,FERRARI,33,1961
3,Stirling Moss,GBR,LOTUS CLIMAX,21,1961
3,Dan Gurney,USA,PORSCHE,21,1961
5,Richie Ginther,USA,FERRARI,16,1961
6,Innes Ireland,GBR,LOTUS CLIMAX,12,1961
7,Jim Clark,GBR,LOTUS CLIMAX,11,1961
7,Bruce McLaren,NZL,COOPER CLIMAX,11,1961
9,Giancarlo Baghetti,ITA,FERRARI,9,1961
10,Tony Brooks,GBR,BRM CLIMAX,6,1961
11,Jack Brabham,AUS,COOPER CLIMAX,4,1961
11,John Surtees,GBR,COOPER CLIMAX,4,1961
13,Olivier Gendebien,BEL,LOTUS CLIMAX,3,1961
13,Jackie Lewis,GBR,COOPER CLIMAX,3,1961
13,Jo Bonnier,SWE,PORSCHE,3,1961
13,Graham Hill,GBR,BRM CLIMAX,3,1961
17,Roy Salvadori,GBR,COOPER CLIMAX,2,1961
1,Graham Hill,GBR,BRM,42,1962
2,Jim Clark,GBR,LOTUS CLIMAX,30,1962
3,Bruce McLaren,NZL,COOPER CLIMAX,27,1962
4,John Surtees,GBR,LOLA CLIMAX,19,1962
5,Dan Gurney,USA,PORSCHE,15,1962
6,Phil Hill,USA,FERRARI,14,1962
7,Tony Maggs,RSA,COOPER CLIMAX,13,1962
8,Richie Ginther,USA,BRM,10,1962
9,Jack Brabham,AUS,BRABHAM CLIMAX,9,1962
10,Trevor Taylor,GBR,LOTUS CLIMAX,6,1962
11,Giancarlo Baghetti,ITA,FERRARI,5,1962
12,Lorenzo Bandini,ITA,FERRARI,4,1962
12,Ricardo Rodriguez,MEX,FERRARI,4,1962
14,Willy Mairesse,BEL,FERRARI,3,1962
14,Jo Bonnier,SWE,PORSCHE,3,1962
16,Innes Ireland,GBR,LOTUS CLIMAX,2,1962
16,Carel Godin de Beaufort,NED,PORSCHE,2,1962
18,Masten Gregory,USA,LOTUS BRM,1,1962
18,Neville Lederle,RSA,LOTUS CLIMAX,1,1962
1,Jim Clark,GBR,LOTUS CLIMAX,54,1963
2,Graham Hill,GBR,BRM,29,1963
2,Richie Ginther,USA,BRM,29,1963
4,John Surtees,GBR,FERRARI,22,1963
5,Dan Gurney,USA,BRABHAM CLIMAX,19,1963
6,Bruce McLaren,NZL,COOPER CLIMAX,17,1963
7,Jack Brabham,AUS,BRABHAM CLIMAX,14,1963
8,Tony Maggs,RSA,COOPER CLIMAX,9,1963
9,Innes Ireland,GBR,BRP BRM,6,1963
9,Lorenzo Bandini,ITA,FERRARI,6,1963
9,Jo Bonnier,SWE,COOPER CLIMAX,6,1963
12,Gerhard Mitter,GER,PORSCHE,3,1963
12,Jim Hall,USA,LOTUS BRM,3,1963
14,Carel Godin de Beaufort,NED,PORSCHE,2,1963
15,Trevor Taylor,GBR,LOTUS CLIMAX,1,1963
15,Ludovico Scarfiotti,ITA,FERRARI,1,1963
15,Jo Siffert,SUI,LOTUS BRM,1,1963
18,Willy Mairesse,BEL,FERRARI,0,1963
18,Maurice Trintignant,FRA,BRM,0,1963
18,Tony Settember,USA,SCIROCCO BRM,0,1963
18,Lucien Bianchi,BEL,LOLA CLIMAX,0,1963
18,Phil Hill,USA,ATS,0,1963
18,Giancarlo Baghetti,ITA,ATS,0,1963
18,Chris Amon,NZL,LOTUS BRM,0,1963
18,Masten Gregory,USA,NULL,0,1963
18,Bob Anderson,GBR,LOLA CLIMAX,0,1963
18,Ian Raby,GBR,GILBY BRM,0,1963
18,John Campbell-Jones,GBR,LOLA CLIMAX,0,1963
18,Ian Burgess,GBR,SCIROCCO BRM,0,1963
18,Mike Hailwood,GBR,NULL,0,1963
18,Mario de Araujo Cabral,POR,COOPER CLIMAX,0,1963
18,Bernard Collomb,FRA,LOTUS CLIMAX,0,1963
18,Mike Spence,GBR,LOTUS CLIMAX,0,1963
18,Peter Broeker,CAN,STEBRO FORD,0,1963
18,Rodger Ward,USA,LOTUS BRM,0,1963
18,Pedro Rodriguez,MEX,LOTUS CLIMAX,0,1963
18,Hap Sharp,USA,LOTUS BRM,0,1963
18,Moises Solana,MEX,BRM,0,1963
18,Doug Serrurier,RSA,LDS ALFA ROMEO,0,1963
18,Trevor Blokdyk,RSA,COOPER MASERATI,0,1963
18,Brausch Niemann,RSA,LOTUS FORD,0,1963
18,John Love,RHO,COOPER CLIMAX,0,1963
18,Ernie Pieterse,RSA,LOTUS CLIMAX,0,1963
18,Peter de Klerk,RSA,ALFA ROMEO,0,1963
18,Sam Tingle,RHO,LDS ALFA ROMEO,0,1963
18,David Prophet,GBR,BRABHAM FORD,0,1963
1,John Surtees,GBR,FERRARI,40,1964
2,Graham Hill,GBR,BRM,39,1964
3,Jim Clark,GBR,LOTUS CLIMAX,32,1964
4,Lorenzo Bandini,ITA,FERRARI,23,1964
4,Richie Ginther,USA,BRM,23,1964
6,Dan Gurney,USA,BRABHAM CLIMAX,19,1964
7,Bruce McLaren,NZL,COOPER CLIMAX,13,1964
8,Peter Arundell,GBR,LOTUS CLIMAX,11,1964
8,Jack Brabham,AUS,BRABHAM CLIMAX,11,1964
10,Jo Siffert,SUI,BRABHAM BRM,7,1964
11,Bob Anderson,GBR,BRABHAM CLIMAX,5,1964
12,Tony Maggs,RSA,BRM,4,1964
12,Mike Spence,GBR,LOTUS CLIMAX,4,1964
12,Innes Ireland,GBR,BRP BRM,4,1964
15,Jo Bonnier,SWE,BRABHAM CLIMAX,3,1964
16,Chris Amon,NZL,LOTUS BRM,2,1964
16,Maurice Trintignant,FRA,BRM,2,1964
16,Walt Hansgen,USA,LOTUS CLIMAX,2,1964
19,Mike Hailwood,GBR,LOTUS BRM,1,1964
19,Phil Hill,USA,COOPER CLIMAX,1,1964
19,Trevor Taylor,GBR,BRP BRM,1,1964
19,Pedro Rodriguez,MEX,FERRARI,1,1964
1,Jim Clark,GBR,LOTUS CLIMAX,54,1965
2,Graham Hill,GBR,BRM,40,1965
3,Jackie Stewart,GBR,BRM,33,1965
4,Dan Gurney,USA,BRABHAM CLIMAX,25,1965
5,John Surtees,GBR,FERRARI,17,1965
6,Lorenzo Bandini,ITA,FERRARI,13,1965
7,Richie Ginther,USA,HONDA,11,1965
8,Mike Spence,GBR,LOTUS CLIMAX,10,1965
8,Bruce McLaren,NZL,COOPER CLIMAX,10,1965
10,Jack Brabham,AUS,BRABHAM CLIMAX,9,1965
11,Denny Hulme,NZL,BRABHAM CLIMAX,5,1965
11,Jo Siffert,SUI,BRABHAM BRM,5,1965
13,Jochen Rindt,AUT,COOPER CLIMAX,4,1965
14,Pedro Rodriguez,MEX,FERRARI,2,1965
14,Ronnie Bucknum,USA,HONDA,2,1965
14,Richard Attwood,GBR,LOTUS BRM,2,1965
1,Jack Brabham,AUS,BRABHAM REPCO,42,1966
2,John Surtees,GBR,COOPER MASERATI,28,1966
3,Jochen Rindt,AUT,COOPER MASERATI,22,1966
4,Denny Hulme,NZL,BRABHAM REPCO,18,1966
5,Graham Hill,GBR,BRM,17,1966
6,Jim Clark,GBR,LOTUS BRM,16,1966
7,Jackie Stewart,GBR,BRM,14,1966
8,Mike Parkes,GBR,FERRARI,12,1966
8,Lorenzo Bandini,ITA,FERRARI,12,1966
10,Ludovico Scarfiotti,ITA,FERRARI,9,1966
11,Richie Ginther,USA,HONDA,5,1966
12,Dan Gurney,USA,EAGLE CLIMAX,4,1966
12,Mike Spence,GBR,LOTUS BRM,4,1966
14,Bob Bondurant,USA,EAGLE WESLAKE,3,1966
14,Jo Siffert,SUI,COOPER MASERATI,3,1966
14,Bruce McLaren,NZL,MCLAREN FORD,3,1966
17,John Taylor,GBR,BRABHAM BRM,1,1966
17,Bob Anderson,GBR,BRABHAM CLIMAX,1,1966
17,Peter Arundell,GBR,LOTUS BRM,1,1966
17,Jo Bonnier,SWE,COOPER MASERATI,1,1966
1,Denny Hulme,NZL,BRABHAM REPCO,51,1967
2,Jack Brabham,AUS,BRABHAM REPCO,46,1967
3,Jim Clark,GBR,LOTUS FORD,41,1967
4,John Surtees,GBR,HONDA,20,1967
4,Chris Amon,NZL,FERRARI,20,1967
6,Pedro Rodriguez,MEX,COOPER MASERATI,15,1967
6,Graham Hill,GBR,LOTUS FORD,15,1967
8,Dan Gurney,USA,EAGLE CLIMAX,13,1967
9,Jackie Stewart,GBR,BRM,10,1967
10,Mike Spence,GBR,BRM,9,1967
11,John Love,RHO,COOPER CLIMAX,6,1967
11,Jochen Rindt,AUT,COOPER MASERATI,6,1967
11,Jo Siffert,SUI,COOPER MASERATI,6,1967
14,Bruce McLaren,NZL,MCLAREN BRM,3,1967
14,Jo Bonnier,SWE,COOPER MASERATI,3,1967
16,Bob Anderson,GBR,BRABHAM CLIMAX,2,1967
16,Mike Parkes,GBR,FERRARI,2,1967
16,Chris Irwin,GBR,BRM,2,1967
19,Ludovico Scarfiotti,ITA,EAGLE WESLAKE,1,1967
19,Guy Ligier,FRA,BRABHAM REPCO,1,1967
19,Jacky Ickx,BEL,COOPER MASERATI,1,1967
1,Graham Hill,GBR,LOTUS FORD,48,1968
2,Jackie Stewart,GBR,MATRA FORD,36,1968
3,Denny Hulme,NZL,MCLAREN FORD,33,1968
4,Jacky Ickx,BEL,FERRARI,27,1968
5,Bruce McLaren,NZL,MCLAREN FORD,22,1968
6,Pedro Rodriguez,MEX,BRM,18,1968
7,Jo Siffert,SUI,LOTUS FORD,12,1968
7,John Surtees,GBR,HONDA,12,1968
9,Jean-Pierre Beltoise,FRA,MATRA,11,1968
10,Chris Amon,NZL,FERRARI,10,1968
11,Jim Clark,GBR,LOTUS FORD,9,1968
12,Jochen Rindt,AUT,BRABHAM REPCO,8,1968
13,Richard Attwood,GBR,BRM,6,1968
13,Johnny Servoz-Gavin,FRA,MATRA FORD,6,1968
13,Jackie Oliver,GBR,LOTUS FORD,6,1968
13,Ludovico Scarfiotti,ITA,COOPER BRM,6,1968
17,Lucien Bianchi,BEL,COOPER BRM,5,1968
17,Vic Elford,GBR,COOPER BRM,5,1968
19,Brian Redman,GBR,COOPER BRM,4,1968
19,Piers Courage,GBR,BRM,4,1968
21,Dan Gurney,USA,MCLAREN FORD,3,1968
21,Jo Bonnier,SWE,HONDA,3,1968
23,Silvio Moser,SUI,BRABHAM REPCO,2,1968
23,Jack Brabham,AUS,BRABHAM REPCO,2,1968
1,Jackie Stewart,GBR,MATRA FORD,63,1969
2,Jacky Ickx,BEL,BRABHAM FORD,37,1969
3,Bruce McLaren,NZL,MCLAREN FORD,26,1969
4,Jochen Rindt,AUT,LOTUS FORD,22,1969
5,Jean-Pierre Beltoise,FRA,MATRA FORD,21,1969
6,Denny Hulme,NZL,MCLAREN FORD,20,1969
7,Graham Hill,GBR,LOTUS FORD,19,1969
8,Piers Courage,GBR,BRABHAM FORD,16,1969
9,Jo Siffert,SUI,LOTUS FORD,15,1969
10,Jack Brabham,AUS,BRABHAM FORD,14,1969
11,John Surtees,GBR,BRM,6,1969
12,Chris Amon,NZL,FERRARI,4,1969
13,Richard Attwood,GBR,NULL,3,1969
13,Vic Elford,GBR,MCLAREN FORD,3,1969
13,Pedro Rodriguez,MEX,FERRARI,3,1969
16,Johnny Servoz-Gavin,FRA,MATRA FORD,1,1969
16,Silvio Moser,SUI,BRABHAM FORD,1,1969
16,Jackie Oliver,GBR,BRM,1,1969
1,Jochen Rindt,AUT,LOTUS FORD,45,1970
2,Jacky Ickx,BEL,FERRARI,40,1970
3,Clay Regazzoni,SUI,FERRARI,33,1970
4,Denny Hulme,NZL,MCLAREN FORD,27,1970
5,Jack Brabham,AUS,BRABHAM FORD,25,1970
5,Jackie Stewart,GBR,TYRRELL FORD,25,1970
7,Pedro Rodriguez,MEX,BRM,23,1970
7,Chris Amon,NZL,MARCH FORD,23,1970
9,Jean-Pierre Beltoise,FRA,MATRA,16,1970
10,Emerson Fittipaldi,BRA,LOTUS FORD,12,1970
11,Rolf Stommelen,GER,BRABHAM FORD,10,1970
12,Henri Pescarolo,FRA,MATRA,8,1970
13,Graham Hill,GBR,LOTUS FORD,7,1970
14,Bruce McLaren,NZL,MCLAREN FORD,6,1970
15,Mario Andretti,USA,MARCH FORD,4,1970
15,Reine Wisell,SWE,LOTUS FORD,4,1970
17,Ignazio Giunti,ITA,FERRARI,3,1970
17,John Surtees,GBR,SURTEES FORD,3,1970
19,John Miles,GBR,LOTUS FORD,2,1970
19,Johnny Servoz-Gavin,FRA,MARCH FORD,2,1970
19,Jackie Oliver,GBR,BRM,2,1970
22,Dan Gurney,USA,MCLAREN FORD,1,1970
22,Francois Cevert,FRA,MARCH FORD,1,1970
22,Peter Gethin,GBR,MCLAREN FORD,1,1970
22,Derek Bell,GBR,SURTEES FORD,1,1970
1,Jackie Stewart,GBR,TYRRELL FORD,62,1971
2,Ronnie Peterson,SWE,NULL,33,1971
3,Francois Cevert,FRA,TYRRELL FORD,26,1971
4,Jacky Ickx,BEL,FERRARI,19,1971
4,Jo Siffert,SUI,BRM,19,1971
6,Emerson Fittipaldi,BRA,LOTUS FORD,16,1971
7,Clay Regazzoni,SUI,FERRARI,13,1971
8,Mario Andretti,USA,FERRARI,12,1971
9,Peter Gethin,GBR,BRM,9,1971
9,Pedro Rodriguez,MEX,BRM,9,1971
9,Chris Amon,NZL,MATRA,9,1971
9,Reine Wisell,SWE,LOTUS FORD,9,1971
9,Denny Hulme,NZL,MCLAREN FORD,9,1971
14,Tim Schenken,AUS,BRABHAM FORD,5,1971
14,Howden Ganley,NZL,BRM,5,1971
16,Mark Donohue,USA,NULL,4,1971
16,Henri Pescarolo,FRA,NULL,4,1971
18,Mike Hailwood,GBR,SURTEES FORD,3,1971
18,John Surtees,GBR,SURTEES FORD,3,1971
18,Rolf Stommelen,GER,SURTEES FORD,3,1971
21,Graham Hill,GBR,BRABHAM FORD,2,1971
22,Jean-Pierre Beltoise,FRA,MATRA,1,1971
1,Emerson Fittipaldi,BRA,LOTUS FORD,61,1972
2,Jackie Stewart,GBR,TYRRELL FORD,45,1972
3,Denny Hulme,NZL,MCLAREN FORD,39,1972
4,Jacky Ickx,BEL,FERRARI,27,1972
5,Peter Revson,USA,MCLAREN FORD,23,1972
6,Francois Cevert,FRA,TYRRELL FORD,15,1972
6,Clay Regazzoni,SUI,FERRARI,15,1972
8,Mike Hailwood,GBR,SURTEES FORD,13,1972
9,Ronnie Peterson,SWE,MARCH FORD,12,1972
9,Chris Amon,NZL,MATRA,12,1972
11,Jean-Pierre Beltoise,FRA,BRM,9,1972
12,Mario Andretti,USA,FERRARI,4,1972
12,Howden Ganley,NZL,BRM,4,1972
12,Brian Redman,GBR,BRM,4,1972
12,Graham Hill,GBR,BRABHAM FORD,4,1972
16,Andrea de Adamich,ITA,SURTEES FORD,3,1972
16,Carlos Reutemann,ARG,BRABHAM FORD,3,1972
16,Carlos Pace,BRA,MARCH FORD,3,1972
19,Tim Schenken,AUS,SURTEES FORD,2,1972
20,Arturo Merzario,ITA,FERRARI,1,1972
20,Peter Gethin,GBR,BRM,1,1972
1,Jackie Stewart,GBR,TYRRELL FORD,71,1973
2,Emerson Fittipaldi,BRA,LOTUS FORD,55,1973
3,Ronnie Peterson,SWE,LOTUS FORD,52,1973
4,Francois Cevert,FRA,TYRRELL FORD,47,1973
5,Peter Revson,USA,MCLAREN FORD,38,1973
6,Denny Hulme,NZL,MCLAREN FORD,26,1973
7,Carlos Reutemann,ARG,BRABHAM FORD,16,1973
8,James Hunt,GBR,MARCH FORD,14,1973
9,Jacky Ickx,BEL,ISO MARLBORO FORD,12,1973
10,Jean-Pierre Beltoise,FRA,BRM,9,1973
11,Carlos Pace,BRA,SURTEES FORD,7,1973
12,Arturo Merzario,ITA,FERRARI,6,1973
13,George Follmer,USA,SHADOW FORD,5,1973
14,Jackie Oliver,GBR,SHADOW FORD,4,1973
15,Andrea de Adamich,ITA,BRABHAM FORD,3,1973
15,Wilson Fittipaldi,BRA,BRABHAM FORD,3,1973
17,Niki Lauda,AUT,BRM,2,1973
17,Clay Regazzoni,SUI,BRM,2,1973
19,Chris Amon,NZL,TYRRELL FORD,1,1973
19,Gijs van Lennep,NED,ISO MARLBORO FORD,1,1973
19,Howden Ganley,NZL,ISO MARLBORO FORD,1,1973
1,Emerson Fittipaldi,BRA,MCLAREN FORD,55,1974
2,Clay Regazzoni,SUI,FERRARI,52,1974
3,Jody Scheckter,RSA,TYRRELL FORD,45,1974
4,Niki Lauda,AUT,FERRARI,38,1974
5,Ronnie Peterson,SWE,LOTUS FORD,35,1974
6,Carlos Reutemann,ARG,BRABHAM FORD,32,1974
7,Denny Hulme,NZL,MCLAREN FORD,20,1974
8,James Hunt,GBR,HESKETH FORD,15,1974
9,Patrick Depailler,FRA,TYRRELL FORD,14,1974
10,Jacky Ickx,BEL,LOTUS FORD,12,1974
10,Mike Hailwood,GBR,MCLAREN FORD,12,1974
12,Carlos Pace,BRA,BRABHAM FORD,11,1974
13,Jean-Pierre Beltoise,FRA,BRM,10,1974
14,Jean-Pierre Jarier,FRA,SHADOW FORD,6,1974
14,John Watson,GBR,BRABHAM FORD,6,1974
16,Hans-Joachim Stuck,GER,MARCH FORD,5,1974
17,Arturo Merzario,ITA,ISO MARLBORO FORD,4,1974
18,Graham Hill,GBR,LOLA FORD,1,1974
18,Tom Pryce,GBR,SHADOW FORD,1,1974
18,Vittorio Brambilla,ITA,MARCH FORD,1,1974
1,Niki Lauda,AUT,FERRARI,64.5,1975
2,Emerson Fittipaldi,BRA,MCLAREN FORD,45,1975
3,Carlos Reutemann,ARG,BRABHAM FORD,37,1975
4,James Hunt,GBR,HESKETH FORD,33,1975
5,Clay Regazzoni,SUI,FERRARI,25,1975
6,Carlos Pace,BRA,BRABHAM FORD,24,1975
7,Jody Scheckter,RSA,TYRRELL FORD,20,1975
7,Jochen Mass,GER,MCLAREN FORD,20,1975
9,Patrick Depailler,FRA,TYRRELL FORD,12,1975
10,Tom Pryce,GBR,SHADOW FORD,8,1975
11,Vittorio Brambilla,ITA,MARCH FORD,6.5,1975
12,Jacques Laffite,FRA,FRANK WILLIAMS RACING CARS/WILLIAMS,6,1975
12,Ronnie Peterson,SWE,LOTUS FORD,6,1975
14,Mario Andretti,USA,PARNELLI FORD,5,1975
15,Mark Donohue,USA,MARCH FORD,4,1975
16,Jacky Ickx,BEL,LOTUS FORD,3,1975
17,Alan Jones,AUS,HILL FORD,2,1975
18,Jean-Pierre Jarier,FRA,SHADOW FORD,1.5,1975
19,Tony Brise,GBR,HILL FORD,1,1975
19,Gijs van Lennep,NED,ENSIGN FORD,1,1975
21,Lella Lombardi,ITA,FRANK WILLIAMS RACING CARS/WILLIAMS,0.5,1975
1,James Hunt,GBR,MCLAREN FORD,69,1976
2,Niki Lauda,AUT,FERRARI,68,1976
3,Jody Scheckter,RSA,TYRRELL FORD,49,1976
4,Patrick Depailler,FRA,TYRRELL FORD,39,1976
5,Clay Regazzoni,SUI,FERRARI,31,1976
6,Mario Andretti,USA,LOTUS FORD,22,1976
7,John Watson,GBR,PENSKE FORD,20,1976
7,Jacques Laffite,FRA,LIGIER MATRA,20,1976
9,Jochen Mass,GER,MCLAREN FORD,19,1976
10,Gunnar Nilsson,SWE,LOTUS FORD,11,1976
11,Ronnie Peterson,SWE,MARCH FORD,10,1976
11,Tom Pryce,GBR,SHADOW FORD,10,1976
13,Hans-Joachim Stuck,GER,MARCH FORD,8,1976
14,Carlos Pace,BRA,BRABHAM ALFA ROMEO,7,1976
14,Alan Jones,AUS,SURTEES FORD,7,1976
16,Carlos Reutemann,ARG,FERRARI,3,1976
16,Emerson Fittipaldi,BRA,FITTIPALDI FORD,3,1976
18,Chris Amon,NZL,WOLF-WILLIAMS,2,1976
19,Rolf Stommelen,GER,BRABHAM ALFA ROMEO,1,1976
19,Vittorio Brambilla,ITA,MARCH FORD,1,1976
1,Niki Lauda,AUT,FERRARI,72,1977
2,Jody Scheckter,RSA,WOLF FORD,55,1977
3,Mario Andretti,USA,LOTUS FORD,47,1977
4,Carlos Reutemann,ARG,FERRARI,42,1977
5,James Hunt,GBR,MCLAREN FORD,40,1977
6,Jochen Mass,GER,MCLAREN FORD,25,1977
7,Alan Jones,AUS,SHADOW FORD,22,1977
8,Gunnar Nilsson,SWE,LOTUS FORD,20,1977
8,Patrick Depailler,FRA,TYRRELL FORD,20,1977
10,Jacques Laffite,FRA,LIGIER MATRA,18,1977
11,Hans-Joachim Stuck,GER,BRABHAM ALFA ROMEO,12,1977
12,Emerson Fittipaldi,BRA,FITTIPALDI FORD,11,1977
13,John Watson,GBR,BRABHAM ALFA ROMEO,9,1977
14,Ronnie Peterson,SWE,TYRRELL FORD,7,1977
15,Carlos Pace,BRA,BRABHAM ALFA ROMEO,6,1977
15,Vittorio Brambilla,ITA,SURTEES FORD,6,1977
17,Patrick Tambay,FRA,ENSIGN FORD,5,1977
17,Clay Regazzoni,SUI,ENSIGN FORD,5,1977
19,Renzo Zorzi,ITA,SHADOW FORD,1,1977
19,Jean-Pierre Jarier,FRA,LIGIER MATRA,1,1977
19,Riccardo Patrese,ITA,SHADOW FORD,1,1977
1,Mario Andretti,USA,LOTUS FORD,64,1978
2,Ronnie Peterson,SWE,LOTUS FORD,51,1978
3,Carlos Reutemann,ARG,FERRARI,48,1978
4,Niki Lauda,AUT,BRABHAM ALFA ROMEO,44,1978
5,Patrick Depailler,FRA,TYRRELL FORD,34,1978
6,John Watson,GBR,BRABHAM ALFA ROMEO,25,1978
7,Jody Scheckter,RSA,WOLF FORD,24,1978
8,Jacques Laffite,FRA,LIGIER MATRA,19,1978
9,Gilles Villeneuve,CAN,FERRARI,17,1978
9,Emerson Fittipaldi,BRA,FITTIPALDI FORD,17,1978
11,Alan Jones,AUS,WILLIAMS FORD,11,1978
11,Riccardo Patrese,ITA,ARROWS FORD,11,1978
13,James Hunt,GBR,MCLAREN FORD,8,1978
13,Patrick Tambay,FRA,MCLAREN FORD,8,1978
15,Didier Pironi,FRA,TYRRELL FORD,7,1978
16,Clay Regazzoni,SUI,SHADOW FORD,4,1978
17,Jean-Pierre Jabouille,FRA,RENAULT,3,1978
18,Hans-Joachim Stuck,GER,SHADOW FORD,2,1978
19,Hector Rebaque,MEX,LOTUS FORD,1,1978
19,Vittorio Brambilla,ITA,SURTEES FORD,1,1978
19,Derek Daly,IRL,ENSIGN FORD,1,1978
1,Jody Scheckter,RSA,FERRARI,51,1979
2,Gilles Villeneuve,CAN,FERRARI,47,1979
3,Alan Jones,AUS,WILLIAMS FORD,40,1979
4,Jacques Laffite,FRA,LIGIER FORD,36,1979
5,Clay Regazzoni,SUI,WILLIAMS FORD,29,1979
6,Patrick Depailler,FRA,LIGIER FORD,20,1979
6,Carlos Reutemann,ARG,LOTUS FORD,20,1979
8,Rene Arnoux,FRA,RENAULT,17,1979
9,John Watson,GBR,MCLAREN FORD,15,1979
10,Didier Pironi,FRA,TYRRELL FORD,14,1979
10,Jean-Pierre Jarier,FRA,TYRRELL FORD,14,1979
10,Mario Andretti,USA,LOTUS FORD,14,1979
13,Jean-Pierre Jabouille,FRA,RENAULT,9,1979
14,Niki Lauda,AUT,BRABHAM FORD,4,1979
15,Nelson Piquet,BRA,BRABHAM FORD,3,1979
15,Elio de Angelis,ITA,SHADOW FORD,3,1979
15,Jacky Ickx,BEL,LIGIER FORD,3,1979
15,Jochen Mass,GER,ARROWS FORD,3,1979
19,Riccardo Patrese,ITA,ARROWS FORD,2,1979
19,Hans-Joachim Stuck,GER,ATS FORD,2,1979
21,Emerson Fittipaldi,BRA,FITTIPALDI FORD,1,1979
1,Alan Jones,AUS,WILLIAMS FORD,67,1980
2,Nelson Piquet,BRA,BRABHAM FORD,54,1980
3,Carlos Reutemann,ARG,WILLIAMS FORD,42,1980
4,Jacques Laffite,FRA,LIGIER FORD,34,1980
5,Didier Pironi,FRA,LIGIER FORD,32,1980
6,Rene Arnoux,FRA,RENAULT,29,1980
7,Elio de Angelis,ITA,LOTUS FORD,13,1980
8,Jean-Pierre Jabouille,FRA,RENAULT,9,1980
9,Riccardo Patrese,ITA,ARROWS FORD,7,1980
10,Keke Rosberg,FIN,FITTIPALDI FORD,6,1980
10,Derek Daly,IRL,TYRRELL FORD,6,1980
10,John Watson,GBR,MCLAREN FORD,6,1980
10,Jean-Pierre Jarier,FRA,TYRRELL FORD,6,1980
10,Gilles Villeneuve,CAN,FERRARI,6,1980
15,Emerson Fittipaldi,BRA,FITTIPALDI FORD,5,1980
15,Alain Prost,FRA,MCLAREN FORD,5,1980
17,Jochen Mass,GER,ARROWS FORD,4,1980
17,Bruno Giacomelli,ITA,ALFA ROMEO,4,1980
19,Jody Scheckter,RSA,FERRARI,2,1980
20,Hector Rebaque,MEX,BRABHAM FORD,1,1980
20,Mario Andretti,USA,LOTUS FORD,1,1980
1,Nelson Piquet,BRA,BRABHAM FORD,50,1981
2,Carlos Reutemann,ARG,WILLIAMS FORD,49,1981
3,Alan Jones,AUS,WILLIAMS FORD,46,1981
4,Jacques Laffite,FRA,LIGIER MATRA,44,1981
5,Alain Prost,FRA,RENAULT,43,1981
6,John Watson,GBR,MCLAREN FORD,27,1981
7,Gilles Villeneuve,CAN,FERRARI,25,1981
8,Elio de Angelis,ITA,LOTUS FORD,14,1981
9,Rene Arnoux,FRA,RENAULT,11,1981
9,Hector Rebaque,MEX,BRABHAM FORD,11,1981
11,Riccardo Patrese,ITA,ARROWS FORD,10,1981
11,Eddie Cheever,USA,TYRRELL FORD,10,1981
13,Didier Pironi,FRA,FERRARI,9,1981
14,Nigel Mansell,GBR,LOTUS FORD,8,1981
15,Bruno Giacomelli,ITA,ALFA ROMEO,7,1981
16,Marc Surer,SUI,THEODORE FORD,4,1981
17,Mario Andretti,USA,ALFA ROMEO,3,1981
18,Patrick Tambay,FRA,LIGIER MATRA,1,1981
18,Andrea de Cesaris,ITA,MCLAREN FORD,1,1981
18,Slim Borgudd,SWE,ATS FORD,1,1981
18,Eliseo Salazar,CHI,ENSIGN FORD,1,1981
1,Keke Rosberg,FIN,WILLIAMS FORD,44,1982
2,Didier Pironi,FRA,FERRARI,39,1982
2,John Watson,GBR,MCLAREN FORD,39,1982
4,Alain Prost,FRA,RENAULT,34,1982
5,Niki Lauda,AUT,MCLAREN FORD,30,1982
6,Rene Arnoux,FRA,RENAULT,28,1982
7,Patrick Tambay,FRA,FERRARI,25,1982
7,Michele Alboreto,ITA,TYRRELL FORD,25,1982
9,Elio de Angelis,ITA,LOTUS FORD,23,1982
10,Riccardo Patrese,ITA,BRABHAM BMW,21,1982
11,Nelson Piquet,BRA,BRABHAM BMW,20,1982
12,Eddie Cheever,USA,LIGIER MATRA,15,1982
13,Derek Daly,IRL,WILLIAMS FORD,8,1982
14,Nigel Mansell,GBR,LOTUS FORD,7,1982
15,Carlos Reutemann,ARG,WILLIAMS FORD,6,1982
15,Gilles Villeneuve,CAN,FERRARI,6,1982
17,Andrea de Cesaris,ITA,ALFA ROMEO,5,1982
17,Jacques Laffite,FRA,LIGIER MATRA,5,1982
19,Mario Andretti,USA,FERRARI,4,1982
20,Jean-Pierre Jarier,FRA,OSELLA FORD,3,1982
20,Marc Surer,SUI,ARROWS FORD,3,1982
22,Manfred Winkelhock,GER,ATS FORD,2,1982
22,Eliseo Salazar,CHI,ATS FORD,2,1982
22,Bruno Giacomelli,ITA,ALFA ROMEO,2,1982
22,Mauro Baldi,ITA,ARROWS FORD,2,1982
26,Chico Serra,BRA,FITTIPALDI FORD,1,1982
1,Nelson Piquet,BRA,BRABHAM BMW,59,1983
2,Alain Prost,FRA,RENAULT,57,1983
3,Rene Arnoux,FRA,FERRARI,49,1983
4,Patrick Tambay,FRA,FERRARI,40,1983
5,Keke Rosberg,FIN,WILLIAMS HONDA,27,1983
6,John Watson,GBR,MCLAREN FORD,22,1983
7,Eddie Cheever,USA,RENAULT,22,1983
8,Andrea de Cesaris,ITA,ALFA ROMEO,15,1983
9,Riccardo Patrese,ITA,BRABHAM BMW,13,1983
10,Niki Lauda,AUT,MCLAREN TAG,12,1983
11,Jacques Laffite,FRA,WILLIAMS HONDA,11,1983
12,Michele Alboreto,ITA,TYRRELL FORD,10,1983
13,Nigel Mansell,GBR,LOTUS RENAULT,10,1983
14,Derek Warwick,GBR,TOLEMAN HART,9,1983
15,Marc Surer,SUI,ARROWS FORD,4,1983
16,Mauro Baldi,ITA,ALFA ROMEO,3,1983
17,Elio de Angelis,ITA,LOTUS RENAULT,2,1983
18,Danny Sullivan,USA,TYRRELL FORD,2,1983
19,Bruno Giacomelli,ITA,TOLEMAN HART,1,1983
20,Johnny Cecotto,VEN,THEODORE FORD,1,1983
1,Niki Lauda,AUT,MCLAREN TAG,72,1984
2,Alain Prost,FRA,MCLAREN TAG,71.5,1984
3,Elio de Angelis,ITA,LOTUS RENAULT,34,1984
4,Michele Alboreto,ITA,FERRARI,30.5,1984
5,Nelson Piquet,BRA,BRABHAM BMW,29,1984
6,Rene Arnoux,FRA,FERRARI,27,1984
7,Derek Warwick,GBR,RENAULT,23,1984
8,Keke Rosberg,FIN,WILLIAMS HONDA,20.5,1984
9,Ayrton Senna,BRA,TOLEMAN HART,13,1984
10,Nigel Mansell,GBR,LOTUS RENAULT,13,1984
11,Patrick Tambay,FRA,RENAULT,11,1984
12,Teo Fabi,ITA,BRABHAM BMW,9,1984
13,Riccardo Patrese,ITA,ALFA ROMEO,8,1984
14,Jacques Laffite,FRA,WILLIAMS HONDA,5,1984
15,Thierry Boutsen,BEL,ARROWS BMW,5,1984
16,Eddie Cheever,USA,ALFA ROMEO,3,1984
17,Stefan Johansson,SWE,TOLEMAN HART,3,1984
18,Andrea de Cesaris,ITA,LIGIER RENAULT,3,1984
19,Piercarlo Ghinzani,ITA,OSELLA ALFA ROMEO,2,1984
20,Marc Surer,SUI,ARROWS BMW,1,1984
1,Alain Prost,FRA,MCLAREN TAG,73,1985
2,Michele Alboreto,ITA,FERRARI,53,1985
3,Keke Rosberg,FIN,WILLIAMS HONDA,40,1985
4,Ayrton Senna,BRA,LOTUS RENAULT,38,1985
5,Elio de Angelis,ITA,LOTUS RENAULT,33,1985
6,Nigel Mansell,GBR,WILLIAMS HONDA,31,1985
7,Stefan Johansson,SWE,FERRARI,26,1985
8,Nelson Piquet,BRA,BRABHAM BMW,21,1985
9,Jacques Laffite,FRA,LIGIER RENAULT,16,1985
10,Niki Lauda,AUT,MCLAREN TAG,14,1985
11,Thierry Boutsen,BEL,ARROWS BMW,11,1985
12,Patrick Tambay,FRA,RENAULT,11,1985
13,Marc Surer,SUI,BRABHAM BMW,5,1985
14,Derek Warwick,GBR,RENAULT,5,1985
15,Philippe Streiff,FRA,LIGIER RENAULT,4,1985
16,Stefan Bellof,GER,TYRRELL RENAULT,4,1985
17,Andrea de Cesaris,ITA,LIGIER RENAULT,3,1985
18,Rene Arnoux,FRA,FERRARI,3,1985
19,Ivan Capelli,ITA,TYRRELL RENAULT,3,1985
20,Gerhard Berger,AUT,ARROWS BMW,3,1985
1,Alain Prost,FRA,MCLAREN TAG,72,1986
2,Nigel Mansell,GBR,WILLIAMS HONDA,70,1986
3,Nelson Piquet,BRA,WILLIAMS HONDA,69,1986
4,Ayrton Senna,BRA,LOTUS RENAULT,55,1986
5,Stefan Johansson,SWE,FERRARI,23,1986
6,Keke Rosberg,FIN,MCLAREN TAG,22,1986
7,Gerhard Berger,AUT,BENETTON BMW,17,1986
8,Jacques Laffite,FRA,LIGIER RENAULT,14,1986
9,Michele Alboreto,ITA,FERRARI,14,1986
10,Rene Arnoux,FRA,LIGIER RENAULT,14,1986
11,Martin Brundle,GBR,TYRRELL RENAULT,8,1986
12,Alan Jones,AUS,LOLA FORD,4,1986
13,Johnny Dumfries,GBR,LOTUS RENAULT,3,1986
14,Philippe Streiff,FRA,TYRRELL RENAULT,3,1986
15,Teo Fabi,ITA,BENETTON BMW,2,1986
16,Patrick Tambay,FRA,LOLA FORD,2,1986
17,Riccardo Patrese,ITA,BRABHAM BMW,2,1986
18,Philippe Alliot,FRA,LIGIER RENAULT,1,1986
19,Christian Danner,GER,ARROWS BMW,1,1986
1,Nelson Piquet,BRA,WILLIAMS HONDA,73,1987
2,Nigel Mansell,GBR,WILLIAMS HONDA,61,1987
3,Ayrton Senna,BRA,LOTUS HONDA,57,1987
4,Alain Prost,FRA,MCLAREN TAG,46,1987
5,Gerhard Berger,AUT,FERRARI,36,1987
6,Stefan Johansson,SWE,MCLAREN TAG,30,1987
7,Michele Alboreto,ITA,FERRARI,17,1987
8,Thierry Boutsen,BEL,BENETTON FORD,16,1987
9,Teo Fabi,ITA,BENETTON FORD,12,1987
10,Eddie Cheever,USA,ARROWS MEGATRON,8,1987
11,Jonathan Palmer,GBR,TYRRELL FORD,7,1987
12,Satoru Nakajima,JPN,LOTUS HONDA,7,1987
13,Riccardo Patrese,ITA,WILLIAMS HONDA,6,1987
14,Andrea de Cesaris,ITA,BRABHAM BMW,4,1987
15,Philippe Streiff,FRA,TYRRELL FORD,4,1987
16,Derek Warwick,GBR,ARROWS MEGATRON,3,1987
17,Philippe Alliot,FRA,LOLA FORD,3,1987
18,Martin Brundle,GBR,ZAKSPEED,2,1987
19,Rene Arnoux,FRA,LIGIER MEGATRON,1,1987
20,Ivan Capelli,ITA,MARCH FORD,1,1987
21,Roberto Moreno,BRA,AGS FORD,1,1987
1,Ayrton Senna,BRA,MCLAREN HONDA,90,1988
2,Alain Prost,FRA,MCLAREN HONDA,87,1988
3,Gerhard Berger,AUT,FERRARI,41,1988
4,Thierry Boutsen,BEL,BENETTON FORD,27,1988
5,Michele Alboreto,ITA,FERRARI,24,1988
6,Nelson Piquet,BRA,LOTUS HONDA,22,1988
7,Ivan Capelli,ITA,MARCH JUDD,17,1988
8,Derek Warwick,GBR,ARROWS MEGATRON,17,1988
9,Nigel Mansell,GBR,WILLIAMS JUDD,12,1988
10,Alessandro Nannini,ITA,BENETTON FORD,12,1988
11,Riccardo Patrese,ITA,WILLIAMS JUDD,8,1988
12,Eddie Cheever,USA,ARROWS MEGATRON,6,1988
13,Mauricio Gugelmin,BRA,MARCH JUDD,5,1988
14,Jonathan Palmer,GBR,TYRRELL FORD,5,1988
15,Andrea de Cesaris,ITA,RIAL FORD,3,1988
16,Pierluigi Martini,ITA,MINARDI FORD,1,1988
17,Satoru Nakajima,JPN,LOTUS HONDA,1,1988
1,Alain Prost,FRA,MCLAREN HONDA,76,1989
2,Ayrton Senna,BRA,MCLAREN HONDA,60,1989
3,Riccardo Patrese,ITA,WILLIAMS RENAULT,40,1989
4,Nigel Mansell,GBR,FERRARI,38,1989
5,Thierry Boutsen,BEL,WILLIAMS RENAULT,37,1989
6,Alessandro Nannini,ITA,BENETTON FORD,32,1989
7,Gerhard Berger,AUT,FERRARI,21,1989
8,Nelson Piquet,BRA,LOTUS JUDD,12,1989
9,Jean Alesi,FRA,TYRRELL FORD,8,1989
10,Derek Warwick,GBR,ARROWS FORD,7,1989
11,Stefan Johansson,SWE,ONYX FORD,6,1989
11,Michele Alboreto,ITA,LOLA LAMBORGHINI,6,1989
11,Eddie Cheever,USA,ARROWS FORD,6,1989
14,Johnny Herbert,GBR,TYRRELL FORD,5,1989
15,Pierluigi Martini,ITA,MINARDI FORD,5,1989
16,Andrea de Cesaris,ITA,DALLARA FORD,4,1989
16,Mauricio Gugelmin,BRA,MARCH JUDD,4,1989
16,Stefano Modena,ITA,BRABHAM JUDD,4,1989
19,Alex Caffi,ITA,DALLARA FORD,4,1989
20,Martin Brundle,GBR,BRABHAM JUDD,4,1989
21,Christian Danner,GER,RIAL FORD,3,1989
21,Satoru Nakajima,JPN,LOTUS JUDD,3,1989
23,Rene Arnoux,FRA,LIGIER FORD,2,1989
23,Emanuele Pirro,ITA,BENETTON FORD,2,1989
25,Jonathan Palmer,GBR,TYRRELL FORD,2,1989
26,Gabriele Tarquini,ITA,AGS FORD,1,1989
26,Philippe Alliot,FRA,LOLA LAMBORGHINI,1,1989
26,Olivier Grouillard,FRA,LIGIER FORD,1,1989
26,Luis Perez-Sala,ESP,MINARDI FORD,1,1989
1,Ayrton Senna,BRA,MCLAREN HONDA,78,1990
2,Alain Prost,FRA,FERRARI,71,1990
3,Nelson Piquet,BRA,BENETTON FORD,43,1990
3,Gerhard Berger,AUT,MCLAREN HONDA,43,1990
5,Nigel Mansell,GBR,FERRARI,37,1990
6,Thierry Boutsen,BEL,WILLIAMS RENAULT,34,1990
7,Riccardo Patrese,ITA,WILLIAMS RENAULT,23,1990
8,Alessandro Nannini,ITA,BENETTON FORD,21,1990
9,Jean Alesi,FRA,TYRRELL FORD,13,1990
10,Ivan Capelli,ITA,LEYTON HOUSE JUDD,6,1990
10,Roberto Moreno,BRA,BENETTON FORD,6,1990
12,Aguri Suzuki,JPN,LOLA LAMBORGHINI,6,1990
13,Eric Bernard,FRA,LOLA LAMBORGHINI,5,1990
14,Derek Warwick,GBR,LOTUS LAMBORGHINI,3,1990
15,Satoru Nakajima,JPN,TYRRELL FORD,3,1990
16,Alex Caffi,ITA,ARROWS FORD,2,1990
16,Stefano Modena,ITA,BRABHAM JUDD,2,1990
18,Mauricio Gugelmin,BRA,LEYTON HOUSE JUDD,1,1990
1,Ayrton Senna,BRA,MCLAREN HONDA,96,1991
2,Nigel Mansell,GBR,WILLIAMS RENAULT,72,1991
3,Riccardo Patrese,ITA,WILLIAMS RENAULT,53,1991
4,Gerhard Berger,AUT,MCLAREN HONDA,43,1991
5,Alain Prost,FRA,FERRARI,34,1991
6,Nelson Piquet,BRA,BENETTON FORD,26.5,1991
7,Jean Alesi,FRA,FERRARI,21,1991
8,Stefano Modena,ITA,TYRRELL HONDA,10,1991
9,Andrea de Cesaris,ITA,JORDAN FORD,9,1991
10,Roberto Moreno,BRA,MINARDI FERRARI,8,1991
11,Pierluigi Martini,ITA,MINARDI FERRARI,6,1991
12,Jyrki Jarvilehto,FIN,DALLARA JUDD,4,1991
12,Bertrand Gachot,FRA,JORDAN FORD,4,1991
12,Michael Schumacher,GER,BENETTON FORD,4,1991
15,Mika Hakkinen,FIN,LOTUS JUDD,2,1991
15,Martin Brundle,GBR,BRABHAM YAMAHA,2,1991
15,Satoru Nakajima,JPN,TYRRELL HONDA,2,1991
18,Julian Bailey,GBR,LOTUS JUDD,1,1991
18,Eric Bernard,FRA,LOLA FORD,1,1991
18,Ivan Capelli,ITA,LEYTON HOUSE ILMOR,1,1991
18,Aguri Suzuki,JPN,LOLA FORD,1,1991
18,Emanuele Pirro,ITA,DALLARA JUDD,1,1991
18,Mark Blundell,GBR,BRABHAM YAMAHA,1,1991
24,Gianni Morbidelli,ITA,FERRARI,0.5,1991
1,Nigel Mansell,GBR,WILLIAMS RENAULT,108,1992
2,Riccardo Patrese,ITA,WILLIAMS RENAULT,56,1992
3,Michael Schumacher,GER,BENETTON FORD,53,1992
4,Ayrton Senna,BRA,MCLAREN HONDA,50,1992
5,Gerhard Berger,AUT,MCLAREN HONDA,49,1992
6,Martin Brundle,GBR,BENETTON FORD,38,1992
7,Jean Alesi,FRA,FERRARI,18,1992
8,Mika Hakkinen,FIN,LOTUS FORD,11,1992
9,Andrea de Cesaris,ITA,TYRRELL ILMOR,8,1992
10,Michele Alboreto,ITA,FOOTWORK MUGEN HONDA,6,1992
11,Erik Comas,FRA,LIGIER RENAULT,4,1992
12,Karl Wendlinger,AUT,MARCH ILMOR,3,1992
12,Ivan Capelli,ITA,FERRARI,3,1992
14,Thierry Boutsen,BEL,LIGIER RENAULT,2,1992
15,Pierluigi Martini,ITA,DALLARA FERRARI,2,1992
16,Johnny Herbert,GBR,LOTUS FORD,2,1992
17,Stefano Modena,ITA,JORDAN YAMAHA,1,1992
18,Christian Fittipaldi,BRA,MINARDI LAMBORGHINI,1,1992
19,Bertrand Gachot,FRA,VENTURI LAMBORGHINI,1,1992
1,Alain Prost,FRA,WILLIAMS RENAULT,99,1993
2,Ayrton Senna,BRA,MCLAREN FORD,73,1993
3,Damon Hill,GBR,WILLIAMS RENAULT,69,1993
4,Michael Schumacher,GER,BENETTON FORD,52,1993
5,Riccardo Patrese,ITA,BENETTON FORD,20,1993
6,Jean Alesi,FRA,FERRARI,16,1993
7,Martin Brundle,GBR,LIGIER RENAULT,13,1993
8,Gerhard Berger,AUT,FERRARI,12,1993
9,Johnny Herbert,GBR,LOTUS FORD,11,1993
10,Mark Blundell,GBR,LIGIER RENAULT,10,1993
11,Michael Andretti,USA,MCLAREN FORD,7,1993
12,Karl Wendlinger,AUT,SAUBER,7,1993
13,Christian Fittipaldi,BRA,MINARDI FORD,5,1993
13,Jyrki Jarvilehto,FIN,SAUBER,5,1993
15,Mika Hakkinen,FIN,MCLAREN FORD,4,1993
16,Derek Warwick,GBR,FOOTWORK MUGEN HONDA,4,1993
17,Philippe Alliot,FRA,LARROUSSE LAMBORGHINI,2,1993
17,Rubens Barrichello,BRA,JORDAN HART,2,1993
19,Fabrizio Barbazza,ITA,MINARDI FORD,2,1993
20,Alessandro Zanardi,ITA,LOTUS FORD,1,1993
20,Erik Comas,FRA,LARROUSSE LAMBORGHINI,1,1993
20,Eddie Irvine,GBR,JORDAN HART,1,1993
1,Michael Schumacher,GER,BENETTON FORD,92,1994
2,Damon Hill,GBR,WILLIAMS RENAULT,91,1994
3,Gerhard Berger,AUT,FERRARI,41,1994
4,Mika Hakkinen,FIN,MCLAREN PEUGEOT,26,1994
5,Jean Alesi,FRA,FERRARI,24,1994
6,Rubens Barrichello,BRA,JORDAN HART,19,1994
7,Martin Brundle,GBR,MCLAREN PEUGEOT,16,1994
8,David Coulthard,GBR,WILLIAMS RENAULT,14,1994
9,Nigel Mansell,GBR,WILLIAMS RENAULT,13,1994
10,Jos Verstappen,NED,BENETTON FORD,10,1994
11,Olivier Panis,FRA,LIGIER RENAULT,9,1994
12,Mark Blundell,GBR,TYRRELL YAMAHA,8,1994
13,Heinz-Harald Frentzen,GER,SAUBER MERCEDES,7,1994
14,Nicola Larini,ITA,FERRARI,6,1994
15,Christian Fittipaldi,BRA,FOOTWORK FORD,6,1994
16,Eddie Irvine,GBR,JORDAN HART,6,1994
17,Ukyo Katayama,JPN,TYRRELL YAMAHA,5,1994
18,Eric Bernard,FRA,LOTUS MUGEN HONDA,4,1994
19,Karl Wendlinger,AUT,SAUBER MERCEDES,4,1994
20,Andrea de Cesaris,ITA,SAUBER MERCEDES,4,1994
21,Pierluigi Martini,ITA,MINARDI FORD,4,1994
22,Gianni Morbidelli,ITA,FOOTWORK FORD,3,1994
23,Erik Comas,FRA,LARROUSSE FORD,2,1994
24,Michele Alboreto,ITA,MINARDI FORD,1,1994
25,Jyrki Jarvilehto,FIN,SAUBER MERCEDES,1,1994
1,Michael Schumacher,GER,BENETTON RENAULT,102,1995
2,Damon Hill,GBR,WILLIAMS RENAULT,69,1995
3,David Coulthard,GBR,WILLIAMS RENAULT,49,1995
4,Johnny Herbert,GBR,BENETTON RENAULT,45,1995
5,Jean Alesi,FRA,FERRARI,42,1995
6,Gerhard Berger,AUT,FERRARI,31,1995
7,Mika Hakkinen,FIN,MCLAREN MERCEDES,17,1995
8,Olivier Panis,FRA,LIGIER MUGEN HONDA,16,1995
9,Heinz-Harald Frentzen,GER,SAUBER FORD,15,1995
10,Mark Blundell,GBR,MCLAREN MERCEDES,13,1995
11,Rubens Barrichello,BRA,JORDAN PEUGEOT,11,1995
12,Eddie Irvine,GBR,JORDAN PEUGEOT,10,1995
13,Martin Brundle,GBR,LIGIER MUGEN HONDA,7,1995
14,Gianni Morbidelli,ITA,FOOTWORK HART,5,1995
15,Mika Salo,FIN,TYRRELL YAMAHA,5,1995
16,Jean-Christophe Boullion,FRA,SAUBER FORD,3,1995
17,Aguri Suzuki,JPN,LIGIER MUGEN HONDA,1,1995
18,Pedro Lamy,POR,MINARDI FORD,1,1995
1,Damon Hill,GBR,WILLIAMS RENAULT,97,1996
2,Jacques Villeneuve,CAN,WILLIAMS RENAULT,78,1996
3,Michael Schumacher,GER,FERRARI,59,1996
4,Jean Alesi,FRA,BENETTON RENAULT,47,1996
5,Mika Hakkinen,FIN,MCLAREN MERCEDES,31,1996
6,Gerhard Berger,AUT,BENETTON RENAULT,21,1996
7,David Coulthard,GBR,MCLAREN MERCEDES,18,1996
8,Rubens Barrichello,BRA,JORDAN PEUGEOT,14,1996
9,Olivier Panis,FRA,LIGIER MUGEN HONDA,13,1996
10,Eddie Irvine,GBR,FERRARI,11,1996
11,Martin Brundle,GBR,JORDAN PEUGEOT,8,1996
12,Heinz-Harald Frentzen,GER,SAUBER FORD,7,1996
13,Mika Salo,FIN,TYRRELL YAMAHA,5,1996
14,Johnny Herbert,GBR,SAUBER FORD,4,1996
15,Pedro Diniz,BRA,LIGIER MUGEN HONDA,2,1996
16,Jos Verstappen,NED,FOOTWORK HART,1,1996
1,Jacques Villeneuve,CAN,WILLIAMS RENAULT,81,1997
DQ,Michael Schumacher,GER,FERRARI,78,1997
2,Heinz-Harald Frentzen,GER,WILLIAMS RENAULT,42,1997
3,David Coulthard,GBR,MCLAREN MERCEDES,36,1997
4,Jean Alesi,FRA,BENETTON RENAULT,36,1997
5,Gerhard Berger,AUT,BENETTON RENAULT,27,1997
6,Mika Hakkinen,FIN,MCLAREN MERCEDES,27,1997
7,Eddie Irvine,GBR,FERRARI,24,1997
8,Giancarlo Fisichella,ITA,JORDAN PEUGEOT,20,1997
9,Olivier Panis,FRA,PROST MUGEN HONDA,16,1997
10,Johnny Herbert,GBR,SAUBER PETRONAS,15,1997
11,Ralf Schumacher,GER,JORDAN PEUGEOT,13,1997
12,Damon Hill,GBR,ARROWS YAMAHA,7,1997
13,Rubens Barrichello,BRA,STEWART FORD,6,1997
14,Alexander Wurz,AUT,BENETTON RENAULT,4,1997
15,Jarno Trulli,ITA,PROST MUGEN HONDA,3,1997
16,Mika Salo,FIN,TYRRELL FORD,2,1997
17,Pedro Diniz,BRA,ARROWS YAMAHA,2,1997
18,Shinji Nakano,JPN,PROST MUGEN HONDA,2,1997
19,Nicola Larini,ITA,SAUBER PETRONAS,1,1997
1,Mika Hakkinen,FIN,MCLAREN MERCEDES,100,1998
2,Michael Schumacher,GER,FERRARI,86,1998
3,David Coulthard,GBR,MCLAREN MERCEDES,56,1998
4,Eddie Irvine,GBR,FERRARI,47,1998
5,Jacques Villeneuve,CAN,WILLIAMS MECACHROME,21,1998
6,Damon Hill,GBR,JORDAN MUGEN HONDA,20,1998
7,Heinz-Harald Frentzen,GER,WILLIAMS MECACHROME,17,1998
8,Alexander Wurz,AUT,BENETTON PLAYLIFE,17,1998
9,Giancarlo Fisichella,ITA,BENETTON PLAYLIFE,16,1998
10,Ralf Schumacher,GER,JORDAN MUGEN HONDA,14,1998
11,Jean Alesi,FRA,SAUBER PETRONAS,9,1998
12,Rubens Barrichello,BRA,STEWART FORD,4,1998
13,Mika Salo,FIN,ARROWS,3,1998
14,Pedro Diniz,BRA,ARROWS,3,1998
15,Johnny Herbert,GBR,SAUBER PETRONAS,1,1998
16,Jan Magnussen,DEN,STEWART FORD,1,1998
17,Jarno Trulli,ITA,PROST PEUGEOT,1,1998
18,Ricardo Rosset,BRA,TYRRELL FORD,0,1998
19,Olivier Panis,FRA,PROST PEUGEOT,0,1998
20,Toranosuke Takagi,JPN,TYRRELL FORD,0,1998
21,Shinji Nakano,JPN,MINARDI FORD,0,1998
22,Esteban Tuero,ARG,MINARDI FORD,0,1998
23,Jos Verstappen,NED,STEWART FORD,0,1998
1,Mika Hakkinen,FIN,MCLAREN MERCEDES,76,1999
2,Eddie Irvine,GBR,FERRARI,74,1999
3,Heinz-Harald Frentzen,GER,JORDAN MUGEN HONDA,54,1999
4,David Coulthard,GBR,MCLAREN MERCEDES,48,1999
5,Michael Schumacher,GER,FERRARI,44,1999
6,Ralf Schumacher,GER,WILLIAMS SUPERTEC,35,1999
7,Rubens Barrichello,BRA,STEWART FORD,21,1999
8,Johnny Herbert,GBR,STEWART FORD,15,1999
9,Giancarlo Fisichella,ITA,BENETTON PLAYLIFE,13,1999
10,Mika Salo,FIN,FERRARI,10,1999
11,Jarno Trulli,ITA,PROST PEUGEOT,7,1999
12,Damon Hill,GBR,JORDAN MUGEN HONDA,7,1999
13,Alexander Wurz,AUT,BENETTON PLAYLIFE,3,1999
14,Pedro Diniz,BRA,SAUBER PETRONAS,3,1999
15,Olivier Panis,FRA,PROST PEUGEOT,2,1999
16,Jean Alesi,FRA,SAUBER PETRONAS,2,1999
17,Pedro de la Rosa,ESP,ARROWS,1,1999
18,Marc Gene,ESP,MINARDI FORD,1,1999
1,Michael Schumacher,GER,FERRARI,108,2000
2,Mika Hakkinen,FIN,MCLAREN MERCEDES,89,2000
3,David Coulthard,GBR,MCLAREN MERCEDES,73,2000
4,Rubens Barrichello,BRA,FERRARI,62,2000
5,Ralf Schumacher,GER,WILLIAMS BMW,24,2000
6,Giancarlo Fisichella,ITA,BENETTON PLAYLIFE,18,2000
7,Jacques Villeneuve,CAN,BAR HONDA,17,2000
8,Jenson Button,GBR,WILLIAMS BMW,12,2000
9,Heinz-Harald Frentzen,GER,JORDAN MUGEN HONDA,11,2000
10,Jarno Trulli,ITA,JORDAN MUGEN HONDA,6,2000
11,Mika Salo,FIN,SAUBER PETRONAS,6,2000
12,Jos Verstappen,NED,ARROWS SUPERTEC,5,2000
13,Eddie Irvine,GBR,JAGUAR COSWORTH,4,2000
14,Ricardo Zonta,BRA,BAR HONDA,3,2000
15,Alexander Wurz,AUT,BENETTON PLAYLIFE,2,2000
16,Pedro de la Rosa,ESP,ARROWS SUPERTEC,2,2000
17,Pedro Diniz,BRA,SAUBER PETRONAS,0,2000
18,Johnny Herbert,GBR,JAGUAR COSWORTH,0,2000
19,Marc Gene,ESP,MINARDI FONDMETAL,0,2000
20,Gaston Mazzacane,ARG,MINARDI FONDMETAL,0,2000
21,Nick Heidfeld,GER,PROST PEUGEOT,0,2000
22,Jean Alesi,FRA,PROST PEUGEOT,0,2000
23,Luciano Burti,BRA,JAGUAR COSWORTH,0,2000
1,Michael Schumacher,GER,FERRARI,123,2001
2,David Coulthard,GBR,MCLAREN MERCEDES,65,2001
3,Rubens Barrichello,BRA,FERRARI,56,2001
4,Ralf Schumacher,GER,WILLIAMS BMW,49,2001
5,Mika Hakkinen,FIN,MCLAREN MERCEDES,37,2001
6,Juan Pablo Montoya,COL,WILLIAMS BMW,31,2001
7,Jacques Villeneuve,CAN,BAR HONDA,12,2001
8,Nick Heidfeld,GER,SAUBER PETRONAS,12,2001
9,Jarno Trulli,ITA,JORDAN HONDA,12,2001
10,Kimi Räikkönen,FIN,SAUBER PETRONAS,9,2001
11,Giancarlo Fisichella,ITA,BENETTON RENAULT,8,2001
12,Eddie Irvine,GBR,JAGUAR COSWORTH,6,2001
13,Heinz-Harald Frentzen,GER,PROST ACER,6,2001
14,Olivier Panis,FRA,BAR HONDA,5,2001
15,Jean Alesi,FRA,JORDAN HONDA,5,2001
16,Pedro de la Rosa,ESP,JAGUAR COSWORTH,3,2001
17,Jenson Button,GBR,BENETTON RENAULT,2,2001
18,Jos Verstappen,NED,ARROWS ASIATECH,1,2001
1,Michael Schumacher,GER,FERRARI,144,2002
2,Rubens Barrichello,BRA,FERRARI,77,2002
3,Juan Pablo Montoya,COL,WILLIAMS BMW,50,2002
4,Ralf Schumacher,GER,WILLIAMS BMW,42,2002
5,David Coulthard,GBR,MCLAREN MERCEDES,41,2002
6,Kimi Räikkönen,FIN,MCLAREN MERCEDES,24,2002
7,Jenson Button,GBR,RENAULT,14,2002
8,Jarno Trulli,ITA,RENAULT,9,2002
9,Eddie Irvine,GBR,JAGUAR COSWORTH,8,2002
10,Nick Heidfeld,GER,SAUBER PETRONAS,7,2002
11,Giancarlo Fisichella,ITA,JORDAN HONDA,7,2002
12,Jacques Villeneuve,CAN,BAR HONDA,4,2002
13,Felipe Massa,BRA,SAUBER PETRONAS,4,2002
14,Olivier Panis,FRA,BAR HONDA,3,2002
15,Takuma Sato,JPN,JORDAN HONDA,2,2002
16,Mark Webber,AUS,MINARDI ASIATECH,2,2002
17,Mika Salo,FIN,TOYOTA,2,2002
18,Heinz-Harald Frentzen,GER,SAUBER PETRONAS,2,2002
19,Allan McNish,GBR,TOYOTA,0,2002
20,Alex Yoong,MAS,MINARDI ASIATECH,0,2002
21,Pedro de la Rosa,ESP,JAGUAR COSWORTH,0,2002
22,Enrique Bernoldi,BRA,ARROWS COSWORTH,0,2002
1,Michael Schumacher,GER,FERRARI,93,2003
2,Kimi Räikkönen,FIN,MCLAREN MERCEDES,91,2003
3,Juan Pablo Montoya,COL,WILLIAMS BMW,82,2003
4,Rubens Barrichello,BRA,FERRARI,65,2003
5,Ralf Schumacher,GER,WILLIAMS BMW,58,2003
6,Fernando Alonso,ESP,RENAULT,55,2003
7,David Coulthard,GBR,MCLAREN MERCEDES,51,2003
8,Jarno Trulli,ITA,RENAULT,33,2003
9,Jenson Button,GBR,BAR HONDA,17,2003
10,Mark Webber,AUS,JAGUAR COSWORTH,17,2003
11,Heinz-Harald Frentzen,GER,SAUBER PETRONAS,13,2003
12,Giancarlo Fisichella,ITA,JORDAN FORD,12,2003
13,Cristiano da Matta,BRA,TOYOTA,10,2003
14,Nick Heidfeld,GER,SAUBER PETRONAS,6,2003
15,Olivier Panis,FRA,TOYOTA,6,2003
16,Jacques Villeneuve,CAN,BAR HONDA,6,2003
17,Marc Gene,ESP,WILLIAMS BMW,4,2003
18,Takuma Sato,JPN,BAR HONDA,3,2003
19,Ralph Firman,IRL,JORDAN FORD,1,2003
20,Justin Wilson,GBR,JAGUAR COSWORTH,1,2003
21,Antonio Pizzonia,BRA,JAGUAR COSWORTH,0,2003
22,Jos Verstappen,NED,MINARDI COSWORTH,0,2003
23,Nicolas Kiesa,DEN,MINARDI COSWORTH,0,2003
24,Zsolt Baumgartner,HUN,JORDAN FORD,0,2003
1,Michael Schumacher,GER,FERRARI,148,2004
2,Rubens Barrichello,BRA,FERRARI,114,2004
3,Jenson Button,GBR,BAR HONDA,85,2004
4,Fernando Alonso,ESP,RENAULT,59,2004
5,Juan Pablo Montoya,COL,WILLIAMS BMW,58,2004
6,Jarno Trulli,ITA,TOYOTA,46,2004
7,Kimi Räikkönen,FIN,MCLAREN MERCEDES,45,2004
8,Takuma Sato,JPN,BAR HONDA,34,2004
9,Ralf Schumacher,GER,WILLIAMS BMW,24,2004
10,David Coulthard,GBR,MCLAREN MERCEDES,24,2004
11,Giancarlo Fisichella,ITA,SAUBER PETRONAS,22,2004
12,Felipe Massa,BRA,SAUBER PETRONAS,12,2004
13,Mark Webber,AUS,JAGUAR COSWORTH,7,2004
14,Olivier Panis,FRA,TOYOTA,6,2004
15,Antonio Pizzonia,BRA,WILLIAMS BMW,6,2004
16,Christian Klien,AUT,JAGUAR COSWORTH,3,2004
17,Cristiano da Matta,BRA,TOYOTA,3,2004
18,Nick Heidfeld,GER,JORDAN FORD,3,2004
19,Timo Glock,GER,JORDAN FORD,2,2004
20,Zsolt Baumgartner,HUN,MINARDI COSWORTH,1,2004
21,Jacques Villeneuve,CAN,RENAULT,0,2004
22,Ricardo Zonta,BRA,TOYOTA,0,2004
23,Marc Gene,ESP,WILLIAMS BMW,0,2004
24,Giorgio Pantano,ITA,JORDAN FORD,0,2004
25,Gianmaria Bruni,ITA,MINARDI COSWORTH,0,2004
1,Fernando Alonso,ESP,RENAULT,133,2005
2,Kimi Räikkönen,FIN,MCLAREN MERCEDES,112,2005
3,Michael Schumacher,GER,FERRARI,62,2005
4,Juan Pablo Montoya,COL,MCLAREN MERCEDES,60,2005
5,Giancarlo Fisichella,ITA,RENAULT,58,2005
6,Ralf Schumacher,GER,TOYOTA,45,2005
7,Jarno Trulli,ITA,TOYOTA,43,2005
8,Rubens Barrichello,BRA,FERRARI,38,2005
9,Jenson Button,GBR,BAR HONDA,37,2005
10,Mark Webber,AUS,WILLIAMS BMW,36,2005
11,Nick Heidfeld,GER,WILLIAMS BMW,28,2005
12,David Coulthard,GBR,RBR COSWORTH,24,2005
13,Felipe Massa,BRA,SAUBER PETRONAS,11,2005
14,Jacques Villeneuve,CAN,SAUBER PETRONAS,9,2005
15,Christian Klien,AUT,RBR COSWORTH,9,2005
16,Tiago Monteiro,POR,JORDAN TOYOTA,7,2005
17,Alexander Wurz,AUT,MCLAREN MERCEDES,6,2005
18,Narain Karthikeyan,IND,JORDAN TOYOTA,5,2005
19,Christijan Albers,NED,MINARDI COSWORTH,4,2005
20,Pedro de la Rosa,ESP,MCLAREN MERCEDES,4,2005
21,Patrick Friesacher,AUT,MINARDI COSWORTH,3,2005
22,Antonio Pizzonia,BRA,WILLIAMS BMW,2,2005
23,Takuma Sato,JPN,BAR HONDA,1,2005
24,Vitantonio Liuzzi,ITA,RBR COSWORTH,1,2005
25,Robert Doornbos,MON,MINARDI COSWORTH,0,2005
1,Fernando Alonso,ESP,RENAULT,134,2006
2,Michael Schumacher,GER,FERRARI,121,2006
3,Felipe Massa,BRA,FERRARI,80,2006
4,Giancarlo Fisichella,ITA,RENAULT,72,2006
5,Kimi Räikkönen,FIN,MCLAREN MERCEDES,65,2006
6,Jenson Button,GBR,HONDA,56,2006
7,Rubens Barrichello,BRA,HONDA,30,2006
8,Juan Pablo Montoya,COL,MCLAREN MERCEDES,26,2006
9,Nick Heidfeld,GER,SAUBER BMW,23,2006
10,Ralf Schumacher,GER,TOYOTA,20,2006
11,Pedro de la Rosa,ESP,MCLAREN MERCEDES,19,2006
12,Jarno Trulli,ITA,TOYOTA,15,2006
13,David Coulthard,GBR,RBR FERRARI,14,2006
14,Mark Webber,AUS,WILLIAMS COSWORTH,7,2006
15,Jacques Villeneuve,CAN,SAUBER BMW,7,2006
16,Robert Kubica,POL,SAUBER BMW,6,2006
17,Nico Rosberg,GER,WILLIAMS COSWORTH,4,2006
18,Christian Klien,AUT,RBR FERRARI,2,2006
19,Vitantonio Liuzzi,ITA,STR COSWORTH,1,2006
20,Scott Speed,USA,STR COSWORTH,0,2006
21,Tiago Monteiro,POR,MF1 TOYOTA,0,2006
22,Christijan Albers,NED,MF1 TOYOTA,0,2006
23,Takuma Sato,JPN,SUPER AGURI HONDA,0,2006
24,Robert Doornbos,NED,RBR FERRARI,0,2006
25,Yuji Ide,JPN,SUPER AGURI HONDA,0,2006
26,Sakon Yamamoto,JPN,SUPER AGURI HONDA,0,2006
27,Franck Montagny,FRA,SUPER AGURI HONDA,0,2006
1,Kimi Räikkönen,FIN,FERRARI,110,2007
2,Lewis Hamilton,GBR,MCLAREN MERCEDES,109,2007
3,Fernando Alonso,ESP,MCLAREN MERCEDES,109,2007
4,Felipe Massa,BRA,FERRARI,94,2007
5,Nick Heidfeld,GER,SAUBER BMW,61,2007
6,Robert Kubica,POL,SAUBER BMW,39,2007
7,Heikki Kovalainen,FIN,RENAULT,30,2007
8,Giancarlo Fisichella,ITA,RENAULT,21,2007
9,Nico Rosberg,GER,WILLIAMS TOYOTA,20,2007
10,David Coulthard,GBR,RED BULL RENAULT,14,2007
11,Alexander Wurz,AUT,WILLIAMS TOYOTA,13,2007
12,Mark Webber,AUS,RED BULL RENAULT,10,2007
13,Jarno Trulli,ITA,TOYOTA,8,2007
14,Sebastian Vettel,GER,STR FERRARI,6,2007
15,Jenson Button,GBR,HONDA,6,2007
16,Ralf Schumacher,GER,TOYOTA,5,2007
17,Takuma Sato,JPN,SUPER AGURI HONDA,4,2007
18,Vitantonio Liuzzi,ITA,STR FERRARI,3,2007
19,Adrian Sutil,GER,SPYKER FERRARI,1,2007
20,Rubens Barrichello,BRA,HONDA,0,2007
21,Scott Speed,USA,STR FERRARI,0,2007
22,Kazuki Nakajima,JPN,WILLIAMS TOYOTA,0,2007
23,Anthony Davidson,GBR,SUPER AGURI HONDA,0,2007
24,Sakon Yamamoto,JPN,SPYKER FERRARI,0,2007
25,Christijan Albers,NED,SPYKER FERRARI,0,2007
1,Lewis Hamilton,GBR,MCLAREN MERCEDES,98,2008
2,Felipe Massa,BRA,FERRARI,97,2008
3,Kimi Räikkönen,FIN,FERRARI,75,2008
4,Robert Kubica,POL,SAUBER BMW,75,2008
5,Fernando Alonso,ESP,RENAULT,61,2008
6,Nick Heidfeld,GER,SAUBER BMW,60,2008
7,Heikki Kovalainen,FIN,MCLAREN MERCEDES,53,2008
8,Sebastian Vettel,GER,STR FERRARI,35,2008
9,Jarno Trulli,ITA,TOYOTA,31,2008
10,Timo Glock,GER,TOYOTA,25,2008
11,Mark Webber,AUS,RED BULL RENAULT,21,2008
12,Nelson Piquet,BRA,RENAULT,19,2008
13,Nico Rosberg,GER,WILLIAMS TOYOTA,17,2008
14,Rubens Barrichello,BRA,HONDA,11,2008
15,Kazuki Nakajima,JPN,WILLIAMS TOYOTA,9,2008
16,David Coulthard,GBR,RED BULL RENAULT,8,2008
17,Sebastien Bourdais,FRA,STR FERRARI,4,2008
18,Jenson Button,GBR,HONDA,3,2008
19,Giancarlo Fisichella,ITA,FORCE INDIA FERRARI,0,2008
20,Adrian Sutil,GER,FORCE INDIA FERRARI,0,2008
21,Takuma Sato,JPN,SUPER AGURI HONDA,0,2008
22,Anthony Davidson,GBR,SUPER AGURI HONDA,0,2008
1,Jenson Button,GBR,BRAWN MERCEDES,95,2009
2,Sebastian Vettel,GER,RBR RENAULT,84,2009
3,Rubens Barrichello,BRA,BRAWN MERCEDES,77,2009
4,Mark Webber,AUS,RBR RENAULT,69.5,2009
5,Lewis Hamilton,GBR,MCLAREN MERCEDES,49,2009
6,Kimi Räikkönen,FIN,FERRARI,48,2009
7,Nico Rosberg,GER,WILLIAMS TOYOTA,34.5,2009
8,Jarno Trulli,ITA,TOYOTA,32.5,2009
9,Fernando Alonso,ESP,RENAULT,26,2009
10,Timo Glock,GER,TOYOTA,24,2009
11,Felipe Massa,BRA,FERRARI,22,2009
12,Heikki Kovalainen,FIN,MCLAREN MERCEDES,22,2009
13,Nick Heidfeld,GER,SAUBER BMW,19,2009
14,Robert Kubica,POL,SAUBER BMW,17,2009
15,Giancarlo Fisichella,ITA,FERRARI,8,2009
16,Sebastien Buemi,SUI,STR FERRARI,6,2009
17,Adrian Sutil,GER,FORCE INDIA MERCEDES,5,2009
18,Kamui Kobayashi,JPN,TOYOTA,3,2009
19,Sebastien Bourdais,FRA,STR FERRARI,2,2009
20,Kazuki Nakajima,JPN,WILLIAMS TOYOTA,0,2009
21,Nelson Piquet,BRA,RENAULT,0,2009
22,Vitantonio Liuzzi,ITA,FORCE INDIA MERCEDES,0,2009
23,Romain Grosjean,FRA,RENAULT,0,2009
24,Jaime Alguersuari,ESP,STR FERRARI,0,2009
25,Luca Badoer,ITA,FERRARI,0,2009
1,Sebastian Vettel,GER,RBR RENAULT,256,2010
2,Fernando Alonso,ESP,FERRARI,252,2010
3,Mark Webber,AUS,RBR RENAULT,242,2010
4,Lewis Hamilton,GBR,MCLAREN MERCEDES,240,2010
5,Jenson Button,GBR,MCLAREN MERCEDES,214,2010
6,Felipe Massa,BRA,FERRARI,144,2010
7,Nico Rosberg,GER,MERCEDES,142,2010
8,Robert Kubica,POL,RENAULT,136,2010
9,Michael Schumacher,GER,MERCEDES,72,2010
10,Rubens Barrichello,BRA,WILLIAMS COSWORTH,47,2010
11,Adrian Sutil,GER,FORCE INDIA MERCEDES,47,2010
12,Kamui Kobayashi,JPN,SAUBER FERRARI,32,2010
13,Vitaly Petrov,RUS,RENAULT,27,2010
14,Nico Hulkenberg,GER,WILLIAMS COSWORTH,22,2010
15,Vitantonio Liuzzi,ITA,FORCE INDIA MERCEDES,21,2010
16,Sebastien Buemi,SUI,STR FERRARI,8,2010
17,Pedro de la Rosa,ESP,SAUBER FERRARI,6,2010
18,Nick Heidfeld,GER,SAUBER FERRARI,6,2010
19,Jaime Alguersuari,ESP,STR FERRARI,5,2010
20,Heikki Kovalainen,FIN,LOTUS COSWORTH,0,2010
21,Jarno Trulli,ITA,LOTUS COSWORTH,0,2010
22,Karun Chandhok,IND,HRT COSWORTH,0,2010
23,Bruno Senna,BRA,HRT COSWORTH,0,2010
24,Lucas di Grassi,BRA,VIRGIN COSWORTH,0,2010
25,Timo Glock,GER,VIRGIN COSWORTH,0,2010
26,Sakon Yamamoto,JPN,HRT COSWORTH,0,2010
27,Christian Klien,AUT,HRT COSWORTH,0,2010
1,Sebastian Vettel,GER,RED BULL RACING RENAULT,392,2011
2,Jenson Button,GBR,MCLAREN MERCEDES,270,2011
3,Mark Webber,AUS,RED BULL RACING RENAULT,258,2011
4,Fernando Alonso,ESP,FERRARI,257,2011
5,Lewis Hamilton,GBR,MCLAREN MERCEDES,227,2011
6,Felipe Massa,BRA,FERRARI,118,2011
7,Nico Rosberg,GER,MERCEDES,89,2011
8,Michael Schumacher,GER,MERCEDES,76,2011
9,Adrian Sutil,GER,FORCE INDIA MERCEDES,42,2011
10,Vitaly Petrov,RUS,RENAULT,37,2011
11,Nick Heidfeld,GER,RENAULT,34,2011
12,Kamui Kobayashi,JPN,SAUBER FERRARI,30,2011
13,Paul di Resta,GBR,FORCE INDIA MERCEDES,27,2011
14,Jaime Alguersuari,ESP,STR FERRARI,26,2011
15,Sebastien Buemi,SUI,STR FERRARI,15,2011
16,Sergio Perez,MEX,SAUBER FERRARI,14,2011
17,Rubens Barrichello,BRA,WILLIAMS COSWORTH,4,2011
18,Bruno Senna,BRA,RENAULT,2,2011
19,Pastor Maldonado,VEN,WILLIAMS COSWORTH,1,2011
20,Pedro de la Rosa,ESP,SAUBER FERRARI,0,2011
21,Jarno Trulli,ITA,LOTUS RENAULT,0,2011
22,Heikki Kovalainen,FIN,LOTUS RENAULT,0,2011
23,Vitantonio Liuzzi,ITA,HRT COSWORTH,0,2011
24,Jerome d'Ambrosio,BEL,VIRGIN COSWORTH,0,2011
25,Timo Glock,GER,VIRGIN COSWORTH,0,2011
26,Narain Karthikeyan,IND,HRT COSWORTH,0,2011
27,Daniel Ricciardo,AUS,HRT COSWORTH,0,2011
28,Karun Chandhok,IND,LOTUS RENAULT,0,2011
1,Sebastian Vettel,GER,RED BULL RACING RENAULT,281,2012
2,Fernando Alonso,ESP,FERRARI,278,2012
3,Kimi Räikkönen,FIN,LOTUS RENAULT,207,2012
4,Lewis Hamilton,GBR,MCLAREN MERCEDES,190,2012
5,Jenson Button,GBR,MCLAREN MERCEDES,188,2012
6,Mark Webber,AUS,RED BULL RACING RENAULT,179,2012
7,Felipe Massa,BRA,FERRARI,122,2012
8,Romain Grosjean,FRA,LOTUS RENAULT,96,2012
9,Nico Rosberg,GER,MERCEDES,93,2012
10,Sergio Perez,MEX,SAUBER FERRARI,66,2012
11,Nico Hulkenberg,GER,FORCE INDIA MERCEDES,63,2012
12,Kamui Kobayashi,JPN,SAUBER FERRARI,60,2012
13,Michael Schumacher,GER,MERCEDES,49,2012
14,Paul di Resta,GBR,FORCE INDIA MERCEDES,46,2012
15,Pastor Maldonado,VEN,WILLIAMS RENAULT,45,2012
16,Bruno Senna,BRA,WILLIAMS RENAULT,31,2012
17,Jean-Eric Vergne,FRA,STR FERRARI,16,2012
18,Daniel Ricciardo,AUS,STR FERRARI,10,2012
19,Vitaly Petrov,RUS,CATERHAM RENAULT,0,2012
20,Timo Glock,GER,MARUSSIA COSWORTH,0,2012
21,Charles Pic,FRA,MARUSSIA COSWORTH,0,2012
22,Heikki Kovalainen,FIN,CATERHAM RENAULT,0,2012
23,Jerome d'Ambrosio,BEL,LOTUS RENAULT,0,2012
24,Narain Karthikeyan,IND,HRT COSWORTH,0,2012
25,Pedro de la Rosa,ESP,HRT COSWORTH,0,2012
1,Sebastian Vettel,GER,RED BULL RACING RENAULT,397,2013
2,Fernando Alonso,ESP,FERRARI,242,2013
3,Mark Webber,AUS,RED BULL RACING RENAULT,199,2013
4,Lewis Hamilton,GBR,MERCEDES,189,2013
5,Kimi Räikkönen,FIN,LOTUS RENAULT,183,2013
6,Nico Rosberg,GER,MERCEDES,171,2013
7,Romain Grosjean,FRA,LOTUS RENAULT,132,2013
8,Felipe Massa,BRA,FERRARI,112,2013
9,Jenson Button,GBR,MCLAREN MERCEDES,73,2013
10,Nico Hulkenberg,GER,SAUBER FERRARI,51,2013
11,Sergio Perez,MEX,MCLAREN MERCEDES,49,2013
12,Paul di Resta,GBR,FORCE INDIA MERCEDES,48,2013
13,Adrian Sutil,GER,FORCE INDIA MERCEDES,29,2013
14,Daniel Ricciardo,AUS,STR FERRARI,20,2013
15,Jean-Eric Vergne,FRA,STR FERRARI,13,2013
16,Esteban Gutierrez,MEX,SAUBER FERRARI,6,2013
17,Valtteri Bottas,FIN,WILLIAMS RENAULT,4,2013
18,Pastor Maldonado,VEN,WILLIAMS RENAULT,1,2013
19,Jules Bianchi,FRA,MARUSSIA COSWORTH,0,2013
20,Charles Pic,FRA,CATERHAM RENAULT,0,2013
21,Heikki Kovalainen,FIN,LOTUS RENAULT,0,2013
22,Giedo van der Garde,NED,CATERHAM RENAULT,0,2013
23,Max Chilton,GBR,MARUSSIA COSWORTH,0,2013
1,Lewis Hamilton,GBR,MERCEDES,384,2014
2,Nico Rosberg,GER,MERCEDES,317,2014
3,Daniel Ricciardo,AUS,RED BULL RACING RENAULT,238,2014
4,Valtteri Bottas,FIN,WILLIAMS MERCEDES,186,2014
5,Sebastian Vettel,GER,RED BULL RACING RENAULT,167,2014
6,Fernando Alonso,ESP,FERRARI,161,2014
7,Felipe Massa,BRA,WILLIAMS MERCEDES,134,2014
8,Jenson Button,GBR,MCLAREN MERCEDES,126,2014
9,Nico Hulkenberg,GER,FORCE INDIA MERCEDES,96,2014
10,Sergio Perez,MEX,FORCE INDIA MERCEDES,59,2014
11,Kevin Magnussen,DEN,MCLAREN MERCEDES,55,2014
12,Kimi Räikkönen,FIN,FERRARI,55,2014
13,Jean-Eric Vergne,FRA,STR RENAULT,22,2014
14,Romain Grosjean,FRA,LOTUS RENAULT,8,2014
15,Daniil Kvyat,RUS,STR RENAULT,8,2014
16,Pastor Maldonado,VEN,LOTUS RENAULT,2,2014
17,Jules Bianchi,FRA,MARUSSIA FERRARI,2,2014
18,Adrian Sutil,GER,SAUBER FERRARI,0,2014
19,Marcus Ericsson,SWE,CATERHAM RENAULT,0,2014
20,Esteban Gutierrez,MEX,SAUBER FERRARI,0,2014
21,Max Chilton,GBR,MARUSSIA FERRARI,0,2014
22,Kamui Kobayashi,JPN,CATERHAM RENAULT,0,2014
23,Will Stevens,GBR,CATERHAM RENAULT,0,2014
1,Lewis Hamilton,GBR,MERCEDES,381,2015
2,Nico Rosberg,GER,MERCEDES,322,2015
3,Sebastian Vettel,GER,FERRARI,278,2015
4,Kimi Räikkönen,FIN,FERRARI,150,2015
5,Valtteri Bottas,FIN,WILLIAMS MERCEDES,136,2015
6,Felipe Massa,BRA,WILLIAMS MERCEDES,121,2015
7,Daniil Kvyat,RUS,RED BULL RACING RENAULT,95,2015
8,Daniel Ricciardo,AUS,RED BULL RACING RENAULT,92,2015
9,Sergio Perez,MEX,FORCE INDIA MERCEDES,78,2015
10,Nico Hulkenberg,GER,FORCE INDIA MERCEDES,58,2015
11,Romain Grosjean,FRA,LOTUS MERCEDES,51,2015
12,Max Verstappen,NED,STR RENAULT,49,2015
13,Felipe Nasr,BRA,SAUBER FERRARI,27,2015
14,Pastor Maldonado,VEN,LOTUS MERCEDES,27,2015
15,Carlos Sainz,ESP,STR RENAULT,18,2015
16,Jenson Button,GBR,MCLAREN HONDA,16,2015
17,Fernando Alonso,ESP,MCLAREN HONDA,11,2015
18,Marcus Ericsson,SWE,SAUBER FERRARI,9,2015
19,Roberto Merhi,ESP,MARUSSIA FERRARI,0,2015
20,Alexander Rossi,USA,MARUSSIA FERRARI,0,2015
21,Will Stevens,GBR,MARUSSIA FERRARI,0,2015
1,Nico Rosberg,GER,MERCEDES,385,2016
2,Lewis Hamilton,GBR,MERCEDES,380,2016
3,Daniel Ricciardo,AUS,RED BULL RACING TAG HEUER,256,2016
4,Sebastian Vettel,GER,FERRARI,212,2016
5,Max Verstappen,NED,RED BULL RACING TAG HEUER,204,2016
6,Kimi Räikkönen,FIN,FERRARI,186,2016
7,Sergio Perez,MEX,FORCE INDIA MERCEDES,101,2016
8,Valtteri Bottas,FIN,WILLIAMS MERCEDES,85,2016
9,Nico Hulkenberg,GER,FORCE INDIA MERCEDES,72,2016
10,Fernando Alonso,ESP,MCLAREN HONDA,54,2016
11,Felipe Massa,BRA,WILLIAMS MERCEDES,53,2016
12,Carlos Sainz,ESP,TORO ROSSO FERRARI,46,2016
13,Romain Grosjean,FRA,HAAS FERRARI,29,2016
14,Daniil Kvyat,RUS,TORO ROSSO FERRARI,25,2016
15,Jenson Button,GBR,MCLAREN HONDA,21,2016
16,Kevin Magnussen,DEN,RENAULT,7,2016
17,Felipe Nasr,BRA,SAUBER FERRARI,2,2016
18,Jolyon Palmer,GBR,RENAULT,1,2016
19,Pascal Wehrlein,GER,MRT MERCEDES,1,2016
20,Stoffel Vandoorne,BEL,MCLAREN HONDA,1,2016
21,Esteban Gutierrez,MEX,HAAS FERRARI,0,2016
22,Marcus Ericsson,SWE,SAUBER FERRARI,0,2016
23,Esteban Ocon,FRA,MRT MERCEDES,0,2016
24,Rio Haryanto,INA,MRT MERCEDES,0,2016
1,Lewis Hamilton,GBR,MERCEDES,363,2017
2,Sebastian Vettel,GER,FERRARI,317,2017
3,Valtteri Bottas,FIN,MERCEDES,305,2017
4,Kimi Räikkönen,FIN,FERRARI,205,2017
5,Daniel Ricciardo,AUS,RED BULL RACING TAG HEUER,200,2017
6,Max Verstappen,NED,RED BULL RACING TAG HEUER,168,2017
7,Sergio Perez,MEX,FORCE INDIA MERCEDES,100,2017
8,Esteban Ocon,FRA,FORCE INDIA MERCEDES,87,2017
9,Carlos Sainz,ESP,RENAULT,54,2017
10,Nico Hulkenberg,GER,RENAULT,43,2017
11,Felipe Massa,BRA,WILLIAMS MERCEDES,43,2017
12,Lance Stroll,CAN,WILLIAMS MERCEDES,40,2017
13,Romain Grosjean,FRA,HAAS FERRARI,28,2017
14,Kevin Magnussen,DEN,HAAS FERRARI,19,2017
15,Fernando Alonso,ESP,MCLAREN HONDA,17,2017
16,Stoffel Vandoorne,BEL,MCLAREN HONDA,13,2017
17,Jolyon Palmer,GBR,RENAULT,8,2017
18,Pascal Wehrlein,GER,SAUBER FERRARI,5,2017
19,Daniil Kvyat,RUS,TORO ROSSO,5,2017
20,Marcus Ericsson,SWE,SAUBER FERRARI,0,2017
21,Pierre Gasly,FRA,TORO ROSSO,0,2017
22,Antonio Giovinazzi,ITA,SAUBER FERRARI,0,2017
23,Brendon Hartley,NZL,TORO ROSSO,0,2017
1,Lewis Hamilton,GBR,MERCEDES,408,2018
2,Sebastian Vettel,GER,FERRARI,320,2018
3,Kimi Räikkönen,FIN,FERRARI,251,2018
4,Max Verstappen,NED,RED BULL RACING TAG HEUER,249,2018
5,Valtteri Bottas,FIN,MERCEDES,247,2018
6,Daniel Ricciardo,AUS,RED BULL RACING TAG HEUER,170,2018
7,Nico Hulkenberg,GER,RENAULT,69,2018
8,Sergio Perez,MEX,FORCE INDIA MERCEDES,62,2018
9,Kevin Magnussen,DEN,HAAS FERRARI,56,2018
10,Carlos Sainz,ESP,RENAULT,53,2018
11,Fernando Alonso,ESP,MCLAREN RENAULT,50,2018
12,Esteban Ocon,FRA,FORCE INDIA MERCEDES,49,2018
13,Charles Leclerc,MON,SAUBER FERRARI,39,2018
14,Romain Grosjean,FRA,HAAS FERRARI,37,2018
15,Pierre Gasly,FRA,SCUDERIA TORO ROSSO HONDA,29,2018
16,Stoffel Vandoorne,BEL,MCLAREN RENAULT,12,2018
17,Marcus Ericsson,SWE,SAUBER FERRARI,9,2018
18,Lance Stroll,CAN,WILLIAMS MERCEDES,6,2018
19,Brendon Hartley,NZL,SCUDERIA TORO ROSSO HONDA,4,2018
20,Sergey Sirotkin,RUS,WILLIAMS MERCEDES,1,2018
1,Lewis Hamilton,GBR,MERCEDES,413,2019
2,Valtteri Bottas,FIN,MERCEDES,326,2019
3,Max Verstappen,NED,RED BULL RACING HONDA,278,2019
4,Charles Leclerc,MON,FERRARI,264,2019
5,Sebastian Vettel,GER,FERRARI,240,2019
6,Carlos Sainz,ESP,MCLAREN RENAULT,96,2019
7,Pierre Gasly,FRA,SCUDERIA TORO ROSSO HONDA,95,2019
8,Alexander Albon,THA,RED BULL RACING HONDA,92,2019
9,Daniel Ricciardo,AUS,RENAULT,54,2019
10,Sergio Perez,MEX,RACING POINT BWT MERCEDES,52,2019
11,Lando Norris,GBR,MCLAREN RENAULT,49,2019
12,Kimi Räikkönen,FIN,ALFA ROMEO RACING FERRARI,43,2019
13,Daniil Kvyat,RUS,SCUDERIA TORO ROSSO HONDA,37,2019
14,Nico Hulkenberg,GER,RENAULT,37,2019
15,Lance Stroll,CAN,RACING POINT BWT MERCEDES,21,2019
16,Kevin Magnussen,DEN,HAAS FERRARI,20,2019
17,Antonio Giovinazzi,ITA,ALFA ROMEO RACING FERRARI,14,2019
18,Romain Grosjean,FRA,HAAS FERRARI,8,2019
19,Robert Kubica,POL,WILLIAMS MERCEDES,1,2019
20,George Russell,GBR,WILLIAMS MERCEDES,0,2019
1,Lewis Hamilton,GBR,MERCEDES,347,2020
2,Valtteri Bottas,FIN,MERCEDES,223,2020
3,Max Verstappen,NED,RED BULL RACING HONDA,214,2020
4,Sergio Perez,MEX,RACING POINT BWT MERCEDES,125,2020
5,Daniel Ricciardo,AUS,RENAULT,119,2020
6,Carlos Sainz,ESP,MCLAREN RENAULT,105,2020
7,Alexander Albon,THA,RED BULL RACING HONDA,105,2020
8,Charles Leclerc,MON,FERRARI,98,2020
9,Lando Norris,GBR,MCLAREN RENAULT,97,2020
10,Pierre Gasly,FRA,ALPHATAURI HONDA,75,2020
11,Lance Stroll,CAN,RACING POINT BWT MERCEDES,75,2020
12,Esteban Ocon,FRA,RENAULT,62,2020
13,Sebastian Vettel,GER,FERRARI,33,2020
14,Daniil Kvyat,RUS,ALPHATAURI HONDA,32,2020
15,Nico Hulkenberg,GER,RACING POINT BWT MERCEDES,10,2020
16,Kimi Räikkönen,FIN,ALFA ROMEO RACING FERRARI,4,2020
17,Antonio Giovinazzi,ITA,ALFA ROMEO RACING FERRARI,4,2020
18,George Russell,GBR,WILLIAMS MERCEDES,3,2020
19,Romain Grosjean,FRA,HAAS FERRARI,2,2020
20,Kevin Magnussen,DEN,HAAS FERRARI,1,2020
21,Nicholas Latifi,CAN,WILLIAMS MERCEDES,0,2020
22,Jack Aitken,GBR,WILLIAMS MERCEDES,0,2020
23,Pietro Fittipaldi,BRA,HAAS FERRARI,0,2020
1,Max Verstappen,NED,RED BULL RACING HONDA,395.5,2021
2,Lewis Hamilton,GBR,MERCEDES,387.5,2021
3,Valtteri Bottas,FIN,MERCEDES,226,2021
4,Sergio Perez,MEX,RED BULL RACING HONDA,190,2021
5,Carlos Sainz,ESP,FERRARI,164.5,2021
6,Lando Norris,GBR,MCLAREN MERCEDES,160,2021
7,Charles Leclerc,MON,FERRARI,159,2021
8,Daniel Ricciardo,AUS,MCLAREN MERCEDES,115,2021
9,Pierre Gasly,FRA,ALPHATAURI HONDA,110,2021
10,Fernando Alonso,ESP,ALPINE RENAULT,81,2021
11,Esteban Ocon,FRA,ALPINE RENAULT,74,2021
12,Sebastian Vettel,GER,ASTON MARTIN MERCEDES,43,2021
13,Lance Stroll,CAN,ASTON MARTIN MERCEDES,34,2021
14,Yuki Tsunoda,JPN,ALPHATAURI HONDA,32,2021
15,George Russell,GBR,WILLIAMS MERCEDES,16,2021
16,Kimi Räikkönen,FIN,ALFA ROMEO RACING FERRARI,10,2021
17,Nicholas Latifi,CAN,WILLIAMS MERCEDES,7,2021
18,Antonio Giovinazzi,ITA,ALFA ROMEO RACING FERRARI,3,2021
19,Mick Schumacher,GER,HAAS FERRARI,0,2021
20,Robert Kubica,POL,ALFA ROMEO RACING FERRARI,0,2021
21,Nikita Mazepin,RAF,HAAS FERRARI,0,2021
1,Max Verstappen,NED,RED BULL RACING RBPT,454,2022
2,Charles Leclerc,MON,FERRARI,308,2022
3,Sergio Perez,MEX,RED BULL RACING RBPT,305,2022
4,George Russell,GBR,MERCEDES,275,2022
5,Carlos Sainz,ESP,FERRARI,246,2022
6,Lewis Hamilton,GBR,MERCEDES,240,2022
7,Lando Norris,GBR,MCLAREN MERCEDES,122,2022
8,Esteban Ocon,FRA,ALPINE RENAULT,92,2022
9,Fernando Alonso,ESP,ALPINE RENAULT,81,2022
10,Valtteri Bottas,FIN,ALFA ROMEO FERRARI,49,2022
11,Daniel Ricciardo,AUS,MCLAREN MERCEDES,37,2022
12,Sebastian Vettel,GER,ASTON MARTIN ARAMCO MERCEDES,37,2022
13,Kevin Magnussen,DEN,HAAS FERRARI,25,2022
14,Pierre Gasly,FRA,ALPHATAURI RBPT,23,2022
15,Lance Stroll,CAN,ASTON MARTIN ARAMCO MERCEDES,18,2022
16,Mick Schumacher,GER,HAAS FERRARI,12,2022
17,Yuki Tsunoda,JPN,ALPHATAURI RBPT,12,2022
18,Zhou Guanyu,CHN,ALFA ROMEO FERRARI,6,2022
19,Alexander Albon,THA,WILLIAMS MERCEDES,4,2022
20,Nicholas Latifi,CAN,WILLIAMS MERCEDES,2,2022
21,Nyck De Vries,NED,WILLIAMS MERCEDES,2,2022
22,Nico Hulkenberg,GER,ASTON MARTIN ARAMCO MERCEDES,0,2022
